<?xml version="1.0" encoding="UTF-8"?>
<addon id="plugin.video.yabop" version="1.1.1" name="YABoP" provider-name="cache">
	<requires>
    	<import addon="xbmc.python" version="2.19.0" />
		<import addon="script.module.resolveurl" version="5.0.00"/>
		<import addon="script.module.requests" version="2.18.4"/>
		<import addon="script.module.unidecode" version="0.4.16"/>
	</requires>
	<extension point="xbmc.python.pluginsource" library="main.py">
		<provides>video</provides>
	</extension>
	<extension point="xbmc.addon.repository">
		<info compressed="false">https://raw.githubusercontent.com/cache-sk/YABoP/master/repository/addons.xml</info>
		<checksum>https://raw.githubusercontent.com/cache-sk/YABoP/master/repository/addons.xml.md5</checksum>
		<datadir zip="true">https://raw.githubusercontent.com/cache-sk/YABoP/master/repository/</datadir>
	</extension>
	<extension point="xbmc.addon.metadata">
		<summary lang="en">Yet Another BOmbuj Plugin</summary>
		<description lang="en">Watch movies and series from Bombuj.eu!</description>
		<description lang="sk">Sledujte filmy a seriály z Bombuj.eu!</description>
		<description lang="cs">Sledujte filmy a seriály z Bombuj.eu!</description>
		<disclaimer lang="en">Tested with Kodi 18.1 on Windows 10, Android and Android TV</disclaimer>
		<disclaimer lang="sk">Testované s Kodi 18.1 na Windows 10, Android a Android TV</disclaimer>
		<disclaimer lang="cs">Testováno s Kodi 18.1 na Windows 10, Android a Android TV</disclaimer>
		<platform>all</platform>
		<forum>https://www.xbmc-kodi.cz/prispevek-yet-another-bombuj-plugin</forum>
		<source>https://github.com/cache-sk/YABoP</source>
		<assets>
			<icon>icon.png</icon>
    		<fanart>fanart.jpg</fanart>
		</assets>
		<news>
1.1.1
- pridanie moznosti nastavit, co v listoch filmov zobrazovat - streamy zobrazuje ako doteraz, ale ak sa nastavi napr. len dabing, tak filmy bez dabingu nezobrazi
- pridanie moznosti zmenit vek cache v sekundach, default je 4h
1.1.0
- pridanie titulkov zo streamango
- pridanie cachovania a strankovania pre zoznam filmov a serialov
- pridanie experimentalneho automatickeho otvarania olpair.com
- pridanie nastaveni - cachovanie default zapnute, strankovanie a olpair vypnute
- fixnutie diakritiky vo vyhladavani, stiahne si modul unidecode
1.0.3
- pridanie korektneho linku na forum
1.0.2
- bump verzie pre self update test
1.0.1
- self update from github
1.0.0
- načítava obsah z bombuj.eu cez ich android api, filmy aj seriály v hierarchii presne podla android aplikácie
- pri výbere kategórií je na konci jednoduché vyhľadávanie
- dáta sú nekonzistentné (názov filmu občas česky, občas slovensky, občas originálny) ale s tým nič nespravím
- zvládne prehrať streamango.com a openload.io (odtiaľ sa pokúsi získať aj titulky)
- exashare.com a netu.tv zahlási, že nefungujú, ostatné že nepozná
- lokalizácia en, sk, cz
		</news>
	</extension>
</addon>
